Name,Lstar,Mstar,Radius,Width,sblow,smin,smin_ep,smin_em,q,q_ep,q_em,Md,Md_ep,Md_em
HD216956C,0.004889969003731807,0.21867631390619743,26.4,8.6,0.0003719938835108102,10.88170881962436,2.769400880528499,3.8099812557508574,3.932802621724873,0.3208463446211729,0.20094830470696667,0.0018860700652466537,0.0003454049018516447,0.000391206530895189
GJ581,0.012021178920370261,0.28275705261325695,25.3,18.6,0.001182465437057171,2.87967090980318,1.5252900941011442,1.513740547403883,3.5,0.0,0.0,0.0006645882380067569,9.549529999120963e-05,6.864255571589187e-05
GJ3760,0.048593,0.42143960506563466,59.5,34.3,0.0071242148208604935,7.4951463414123864,1.3445545425346168,3.6953539238308255,3.5,0.0,0.0,0.013643579370272193,0.004898333244082892,0.0018063765840736663
HD197481,0.09618056612117368,0.5122164508356412,34.9,12.4,0.017138341792183917,0.12848285309048968,0.6371031871344037,0.10467837283774051,3.050621709992261,0.05153402250331407,0.05477345724106453,0.0066583151419987085,0.002006706854864887,0.0014270675469766217
GJ14,0.10890559179031165,0.5307273635359042,99.0,33.0,0.02010710784568411,7.858273375016982,2.1608430031020687,4.679762413180346,3.42073286401748,0.19106237099500634,0.16890679123906072,0.0011007966196256666,0.00013910901340434718,0.00011540420473134423
TWA7,0.12699406487492276,0.5545466949514153,90.0,90.0,0.024499064097014987,0.11607592566204736,0.3543288088427402,0.09250757059202934,3.58713588032421,0.04997664579885752,0.06829334980019697,0.04837100837061431,0.061947895568023006,0.022751586708008944
TYC93404371,0.19106714111869177,0.6231958792310363,130.0,100.0,0.04142271173995875,0.6374650789717017,2.7772232281221223,0.5821745687231474,3.3247229613832774,0.14205108433586755,0.21377953646250436,0.01368500062653338,0.009323054677716196,0.00436337259656158
HD128311,0.2876030513909923,0.7004377889298464,50.0,30.2,0.07007950185631502,4.158458260449137,4.299816175110092,3.2059020773486084,3.5,0.0,0.0,0.00033764363791314076,0.00023555814870650666,7.432119814536076e-05
HD23356,0.2980717879266437,0.7076295552561892,60.0,18.0,0.07337612694552736,5.7428708193320706,19.737105249272872,4.881246440040139,3.5,0.0,0.0,0.00015931647808560583,0.00012586752921812662,3.3266545176515534e-05
HD192263,0.30361275768364215,0.7113632632666922,85.7,15.6,0.07513449953405149,0.2636749517801477,0.9369477083644586,0.23349544964246513,3.5,0.0,0.0,0.0010229078072692167,0.0016842914709256944,0.0003978463795002282
HD22049,0.33689246589257615,0.7328203381664334,68.3,12.0,0.08588488942325068,0.5080887814913586,3.278834420881402,0.45741519460259106,3.1780652991061977,0.07071370537396993,0.12688204184953333,0.0005850063519659673,0.0003285324735984408,0.00015865636446147442
HD89452,0.36580267497170166,0.7502627652748516,69.7,35.4,0.09547468157171188,6.97809662090851,1.4041577838006551,3.1267102720725237,3.5,0.0,0.0,0.004705735663530855,0.0010044503380112358,0.0003137792239039693
HD92945,0.36737803588547424,0.7511845121873645,96.0,80.0,0.09600365360450891,5.950994098303923,1.5732550309911995,1.9597375123276373,3.821100817460539,0.12218471938088937,0.11613762469189748,0.007444684157165836,0.0009860439065688242,0.0006408018951329416
HD17925,0.39923079396849737,0.7692438083118197,25.0,8.0,0.10683559914155598,0.21318485456017594,6.889274439836945,0.18723850923524063,3.16264191655951,0.8361962500293676,0.27364507254381776,0.00039886139793154777,0.0004664768644108428,0.00015075989272485268
HD23484,0.4077762155901469,0.773912691669404,49.3,39.4,0.10978469712722469,4.372069483909907,2.4736627940689884,2.046486141055841,3.5,0.0,0.0,0.001066827908851859,0.00023079001079041005,0.0001392623491435419
HD158633,0.41525304836683413,0.7779407525184892,33.3,25.1,0.1123795529497094,5.292116501645614,2.653523615479333,3.0117604992739806,4.090596678268502,0.6188880491256383,0.5347359594290904,0.0002867370439356375,0.00010686302605404196,5.714953298132408e-05
HD131511,0.5172279709863037,0.8283137257174533,33.0,9.0,0.14904067508833327,7.2542020961811176,38.906646670191,7.109172615692761,3.5,0.0,0.0,6.300268850910673e-05,0.0002730267715617085,2.1872975735346473e-05
HD31392,0.5626984386189908,0.8484967884890643,126.4,103.8,0.16609396822070188,2.3466372931303536,0.9370742605189748,0.9651607153572996,3.5,0.0,0.0,0.0016678124224114334,0.00022940318727810317,0.00017729872943785473
HD53143,0.5876797531321019,0.859093054990182,88.4,23.0,0.17563411832009243,0.65637811783015,0.9785358322434057,0.5808249414482347,3.4116445127454096,0.09234354406342327,0.11934629148755027,0.0035001127783090215,0.002112487465318769,0.0007627623929227613
HD61005,0.6312859887097091,0.8768428343693925,72.6,38.0,0.19256433569464107,4.095074011464855,3.056749710089546,2.267833196251372,3.534260359500843,0.1749814944550745,0.1901956593895342,0.023236820169930644,0.006143106404337587,0.004824455923456299
HD166,0.6342328818455135,0.8780103675470509,27.3,13.5,0.1937208413524685,2.4879467319396484,2.478188512313828,1.22777707926242,3.810020578182913,0.2549022765436648,0.278760933261335,0.000850392013395265,0.00022209029620564376,0.000294802841383408
HD20794,0.646410032479815,0.8827941646474772,32.0,9.0,0.19851598828178676,0.5026240776791787,15.48804409769134,0.46813097243148377,3.5,0.0,0.0,6.33635153109015e-05,0.00020916200675229635,5.1329154388255905e-05
HD48370,0.7737549719244132,0.9293352599603971,88.3,37.1,0.2501519057939151,1.9275083119299676,31.74238592404489,1.7198226179378557,2.7247667941401494,0.5176213901240954,0.41412542681596953,0.0048045420481069145,0.001977527835453353,0.0012826645050519774
HD115617,0.8313161049695248,0.9485845688391554,47.0,36.0,0.2743280382102406,0.37261122567804317,3.9555282750778336,0.34078702502928415,3.0119045894693084,0.15168988480706558,0.138353374132687,0.0003317231118577618,0.00015883912079155387,8.360762807498831e-05
HD38858,0.8431355762896091,0.9524185222778717,110.0,80.0,0.27935290749024233,0.5367717843786612,3.094816506509739,0.5009457464509266,3.296313040025504,0.09226799354363457,0.18447729518377143,0.0012598141220886117,0.001034419857617423,0.00036207617276255526
HD30495,0.9705654060673106,0.9915001909714563,29.0,22.3,0.33476924900454524,3.7803195751493925,2.6135357579352805,1.825390106958743,3.5,0.0,0.0,0.0004482539268980975,0.00015370305286196512,9.122865270253346e-05
HD202628,0.9818364486128283,0.9947763953565399,155.4,16.0,0.33977589885196513,6.36185925890765,1.1611895195309092,1.708588676534995,3.75391425263016,0.08645369773371847,0.08213017624994334,0.0012156407698186242,0.0001167812524300127,7.410682661042854e-05
HD107146,0.9983317332296506,0.9995230680890682,107.2,110.0,0.3471327955514234,2.6790686125140297,1.4543269555821938,1.307138779494078,3.3643513662783766,0.09659953050974401,0.08926783066400112,0.01143881052967581,0.0018090508637514328,0.0014871428363049752
HD73350,1.0085623235873444,1.0024389336013184,100.4,84.6,0.35171315662612584,2.9878245865907624,3.039557831792642,1.349580432413708,3.5,0.0,0.0,0.00165262728159309,0.00042812086353770265,0.0003482624121704089
HD202206,1.075315055289797,1.0209634798305816,83.5,38.8,0.38192130184114914,6.268532773261206,1.9670991715226664,2.1898852252142973,3.5,0.0,0.0,0.0011600828087647683,0.00017307993624182346,9.857066671299067e-05
HD110897,1.1156503073242086,1.0317618228579446,63.9,35.7,0.4004381918729895,2.9853104130656725,3.1715263786658303,1.929642419923898,3.5,0.0,0.0,0.00032836025614850365,0.00017398761890872084,7.639636390741267e-05
HD377,1.175385232628588,1.047252713416685,80.0,20.0,0.428212827139048,11.04396377973827,39.937947440874666,10.018535578614822,3.51661872609326,0.7947325747528926,1.4896776480693243,0.0036979126144331296,0.0023236170287603847,0.0012831708655964705
HD45184,1.1760538396760405,1.0474228845767453,77.1,64.3,0.4285260331928329,2.2677999577416217,1.4942274214887203,0.9872839060725427,3.5,0.0,0.0,0.0010561134472063499,0.00022431845299831056,0.00018585408611318586
HD104860,1.1801383086126611,1.048460949356169,110.0,200.0,0.43044048886961117,4.206187040566572,3.92834377813584,2.687424775205187,3.538516326017499,0.18818133091100497,0.20079030380870044,0.006683682906679475,0.0025147120201508806,0.0014594945495846013
HD207129,1.218374475700343,1.0580563494686668,150.0,39.0,0.44845362419757906,1.3853681643436957,1.5174146728452684,1.0862807565563526,3.560691538127166,0.12334508776492248,0.13517668725190024,0.0014578710721785979,0.0005544555592921824,0.00027261766579735774
HD187897,1.2306119903609885,1.0610818790357284,90.1,27.1,0.4542531925437464,2.9422919930753366,0.9445226842413206,0.8571905091501515,3.5,0.0,0.0,0.0009569350447503254,0.00010285212119157279,9.583056270254882e-05
HD1461,1.2392803208542151,1.063212006712649,88.6,27.9,0.45837125421318525,3.7888225330754706,2.1845564233160975,1.288682247847559,3.5,0.0,0.0,0.0004804466082691517,8.962945977492276e-05,8.409771512049791e-05
HD105,1.2535011400148202,1.0666836493846097,85.0,30.0,0.4651449599328836,3.4181860039098932,2.4264274474880443,1.2604201869904084,3.2048511584107313,0.09713938387849685,0.09413365232996451,0.0034440685502102257,0.00032905020767499873,0.0003366964349324707
HD38397,1.3633271710043775,1.0925898675563226,94.4,33.7,0.5181854412962856,10.159037955290609,39.818387044563714,7.233704809961191,3.5,0.0,0.0,0.005785431890928078,0.002538624568656966,0.0012942072715510424
HD50554,1.4988302234624005,1.1225740106675768,75.0,30.4,0.5853227084365873,2.1171128430702857,1.0548235306245681,0.9475999867115801,3.5,0.0,0.0,0.00062652464822577,0.0001596432458165776,9.534767876867719e-05
HD82943,1.5314648543408218,1.1295038723412352,89.4,62.3,0.6017591560198995,3.779213567463134,2.5238306533147843,1.4071769654626882,3.5,0.0,0.0,0.0012528375639686503,0.00021657261499161747,0.00018069902257822085
HD10647,1.5451433641476529,1.1323771058466618,100.0,70.0,0.6086782868157044,2.901008185021344,2.5788506839815275,1.4168532717750753,3.555694717833357,0.12229276304086056,0.1417279358044654,0.003305356364854908,0.0008353231635666236,0.0006505702488827344
HD48682,1.857417707306924,1.193524419228924,93.9,83.3,0.771203227925791,0.3466243384027826,2.49829894987251,0.3119692230422499,3.326451799445788,0.0996230114180956,0.14537542173966678,0.001311620088814294,0.0011571083498319594,0.0005777708679124596
HD219482,1.907000574147003,1.202541949840935,44.0,12.0,0.7977724002188886,1.2999943604632214,1.683905965651796,0.7985110239104307,3.5,0.0,0.0,0.0004535591922817848,0.0002289335184184822,0.00014362575652958923
HD8907,1.971677528751701,1.2140562940010888,100.4,48.9,0.8327270259159695,4.766223314724013,1.69021940651632,1.0504733832747188,3.3817705691037583,0.06857310469957145,0.07461546195598778,0.002954294456445656,0.0001903140768511908,0.00020495567087823983
HD165908,2.143792701083807,1.2434366206660945,130.3,113.0,0.927330170814437,7.597466694551689,8.46494441317213,7.382972913087156,3.56858640472682,0.413414329030096,1.1584608722389618,0.00018363773646998624,0.00011758107049170293,2.9570754966299576e-05
HD52265,2.26316440523914,1.2628374664970528,124.6,85.2,0.9942406384053707,0.8070664285088165,0.8991623748107564,0.7059548125475603,3.5,0.0,0.0,0.0003677061254175744,0.0005085151013546264,9.438502469808337e-05
HD35841,2.3629962559667472,1.2785088065724795,57.0,15.0,1.050980614720507,2.5852340976702104,11.67245762484006,2.361978469471051,3.1469971712271025,0.3552960184825369,0.46530472991119076,0.017256938002266714,0.005922371162966122,0.004584889942346251
HD111520,2.6537098684700666,1.3216028992542204,76.0,50.0,1.220063319100034,0.4746663235473446,0.5656524467993188,0.4206771771647733,3.166829983329868,0.07939202286529978,0.09809412736486056,0.028321831609246503,0.006622364244976035,0.0031130653405097714
HD146181,2.698801983538295,1.3279805681068462,74.0,90.0,1.246782474794095,1.184143415575166,0.8453116327793109,0.9944779532602714,3.326179891615273,0.15415037010938004,0.1538106312936396,0.026805119705752545,0.007045065946382798,0.004562562966047786
HD191089,2.7396306293993105,1.3336898956460135,44.8,16.0,1.2710856685122884,0.9625344316547473,0.4251039560304295,0.5023022722863943,3.194467909474753,0.07455601234128473,0.07187497879019222,0.018022966257645948,0.0016714872433454299,0.0009791925177304386
HD189002,2.8058338108569227,1.3428196825772605,592.1,469.4,1.3107129513981317,0.5762183186947014,4.690931600762541,0.5341209052704821,3.5,0.0,0.0,0.011191241274405753,0.028805305741858855,0.0067160163375606366
HD206893,2.8520023868130115,1.349095905419656,108.0,100.0,1.338507031562547,6.4247237301335565,2.5238984969517206,1.6821985189991508,3.6133997248712584,0.10648087294877673,0.17282846304230404,0.003046371075440555,0.0002721002624775895,0.00022724021849340184
HD181327,2.883206015603383,1.3532967851474473,81.3,16.0,1.357365084771287,1.0366813488652364,0.8875048911375423,0.7636647006901381,3.133615540109046,0.1224101840538716,0.1447010075466464,0.030575537143807934,0.0053051651549839395,0.004249795356099536
HD127821,2.948743198470009,1.3620153004478812,120.0,300.0,1.3971623908218564,5.693044729049911,2.213219445030502,2.858951833081875,3.8407215582201606,0.17785306371706344,0.14036927864921767,0.0022454900450758963,0.0004948934276050821,0.00021772206078171392
HD129590,2.9732604855478737,1.365241297562231,79.0,70.0,1.412115838716761,1.1504630080276226,0.5233915949329018,0.6667476961069887,3.4177316554568415,0.11628624116653219,0.10409967339066206,0.0749884615986813,0.014808900940647893,0.008450503931588402
HD112810,3.1454478998907236,1.38737862414398,90.0,200.0,1.5181176976538404,4.341309743064137,0.7163383065484714,0.5252217728313417,3.5753566465234212,0.06304565707556975,0.07033655822111529,0.009972245977700987,0.0007396604917817018,0.0006683439490467857
HD22484,3.1476961982280534,1.3876618856520908,46.0,15.0,1.519512991543403,1.062451850500594,1.6853985636706048,0.9433062756154214,3.5,0.0,0.0,0.00019730641736377737,0.0003655957450693656,7.019536785406592e-05
HD145560,3.221133569909843,1.3968357851127566,76.0,50.0,1.5652439532307958,19.962079880952636,47.21834023399621,18.485643798844414,3.5132860758129056,0.7654309034358722,1.3179918440387666,0.017784939783527742,0.00854542023520503,0.0063442782953347324
HD164249,3.240507061310968,1.3992310071896579,62.0,20.0,1.5773582476258905,4.223145442245627,0.49865457835303495,0.525269948153682,3.604385988463952,0.10699592751201159,0.10853270971204454,0.012218962812755939,0.0009103029415495987,0.0010749797123264758
HD146897,3.3518211622596588,1.4127985470821716,82.0,90.0,1.6473619340004362,0.8758523766455353,0.715846717578196,0.7423061570895924,3.522953474686406,0.1399042113165021,0.16110084246810397,0.09286245848524688,0.04466450539476738,0.015587656401441108
HD50571,3.361550560942031,1.413969036905606,190.0,160.0,1.6535125496124479,4.59918503425664,2.3605232477665306,2.076767416222184,3.5956627747154544,0.12788404820612964,0.12773996140586918,0.0012387204485930087,0.00021455801872080323,0.00014024897962098496
HD139664,3.3855673374017656,1.4168480382223017,75.0,60.0,1.6687169507353747,1.2589007606356497,1.8289794588556916,1.0688894762119359,3.4064983163925797,0.1628464163957286,0.14127471577463524,0.0017105179679721984,0.0007341148634163229,0.00045792937139561623
HD205674,3.4563695850710943,1.4252514073721225,160.0,120.0,1.7137189595811668,3.46796010129503,0.43678023559948587,0.2666587673054881,3.5992828633143192,0.05623208034856075,0.07266919506026426,0.00429322658566592,0.0002525325564834823,0.0002645728691727939
HD216435,3.546077827527371,1.4357239076223627,68.4,45.5,1.771116559130505,5.747562942570923,6.752454899295733,4.531688709919404,3.5,0.0,0.0,0.0002495483431488639,0.00017005844735836872,4.383785154742485e-05
HD170773,3.5786203102018708,1.4394761164971446,194.0,68.0,1.792041381695812,5.735470432524746,1.3931893700030864,1.324912485615834,3.5837823220323886,0.0654600791279818,0.07561156659008894,0.005801118826258698,0.00042144620629319673,0.00034828820243083466
HD15115,3.7120617792325064,1.454612109517939,93.0,21.0,1.878409787158229,7.032938779525518,8.603687001999154,3.9693159486487373,3.3829276807917292,0.20800796870207483,0.30742777320777437,0.004540732124884954,0.0011722114542933636,0.00088396459935696
HD114082,3.787764278952274,1.4630267597224633,38.0,40.0,1.9278052647190869,1.315933543078875,0.7068439607173218,0.8437674309592209,3.451418640085434,0.16254633916286831,0.1235423302081271,0.041503785275356364,0.007409081140838707,0.004831734306571384
HD142446,3.869019396730731,1.471925988860788,110.0,80.0,1.981138457960518,18.30696635702735,37.134696259395874,13.56960870638894,3.822030982173253,0.4595089537261776,1.3303799120225066,0.007180039334657355,0.0018213893491235353,0.0014697501383309497
HD113337,4.113148805355889,1.497884774007094,79.2,30.0,2.143289202468402,9.995467121689721,1.9216986872117854,1.9014847386829583,3.5,0.0,0.0,0.001055739352136715,6.167968369795028e-05,4.7604950636434074e-05
HD15745,4.2052067626371405,1.5073876692529489,65.0,50.0,2.2051607848835673,14.149669847935124,44.21747066632775,12.860191072291364,3.3517807933979125,1.0939324696778927,1.472645291977722,0.0063551858582587455,0.0021430422614700404,0.0017481921552638087
HD147137,4.345176945844033,1.5215556729907878,120.0,100.0,2.299975778681286,17.564285541476636,42.365256756037105,10.953072220788027,3.732983278889503,0.48808341614839845,1.286201673958185,0.005601390229739531,0.0009544151024862158,0.0007193680049234893
HD113556,4.3859699806154735,1.5256233601848335,110.0,400.0,2.3277746430005615,3.6220945486498026,5.025279787886192,0.7674864829359138,4.268535421364838,0.41208999562935134,1.070715304320487,0.007057543500528242,0.001861147305785557,0.0015683706579001037
HD176894,4.549960969545184,1.541708233541129,316.7,124.3,2.4402696084291815,14.061922084903568,44.504661338248226,7.003426871657629,3.5,0.0,0.0,0.0021870711766981596,0.0007578608558807673,0.00047598962883481366
HD115600,4.797686561985158,1.565238547208808,90.0,200.0,2.612404087270639,0.5441627029000251,0.340976792204712,0.3642530156325686,3.8019063239203597,0.13725194225714565,0.13893163585718327,0.02532548909137327,0.00886651618924008,0.003214247656183021
HD109085,5.041956456339919,1.587605509342939,153.0,53.0,2.7846437119543697,1.871188504162999,34.686796508767536,1.8178841470109308,2.3962964067001398,0.27371063048500277,0.3641131848646584,0.00023861596663390114,2.019937971034887e-05,1.745019791039653e-05
HD16743,5.113203561286502,1.5939831931858748,159.0,80.0,2.835337545440338,4.705385887831705,1.233599432142583,0.9285243574198123,3.5,0.0,0.0,0.003982321555987954,0.0004506632748124892,0.00043102916235115193
HD141133,5.544699643872375,1.6313103014377826,243.5,142.0,3.146607346438383,3.4714449694016927,26.604168078994803,2.051964352099552,3.5,0.0,0.0,0.011020094639248405,0.00727111030143926,0.005004216113573646
HD117214,5.572144024581255,1.6336132154104228,42.0,50.0,3.166646023636857,0.550932282569894,1.558427932599431,0.5065286098565419,3.3053181397802205,0.12429587473363357,0.20701885154322985,0.032460799824718285,0.01726679083990869,0.007721752162561161
HD37594,5.646344100483754,1.6397991954357944,131.3,35.0,3.220964651233238,5.2173672354325715,2.1306873886992017,1.2684189828710188,3.5,0.0,0.0,0.0025651132970396975,0.00032368306203445826,0.00032305685888593845
HD218396,5.695250815903786,1.6438448133178711,290.0,250.0,3.256878961933166,5.631668644900149,4.1252966093503005,4.117050985441615,3.6069839527799403,0.2579667763673288,0.3193323485702515,0.0034668894499778704,0.0009404829218936047,0.0005990524318035964
HD106906,6.577892245924593,1.7129278592374089,100.0,80.0,3.919708547213832,1.246167735060114,0.4903233479259841,0.7193412910060581,3.632675549575674,0.1788481104575479,0.12007428881844584,0.015012677049315751,0.002456394555935739,0.0018897615700600202
HD95086,6.605453293297424,1.714975393487795,206.0,180.0,3.9408369576490982,1.8094954536989925,0.6961767888316277,0.9436177188059051,3.4609312517508712,0.14715719570883623,0.1514650096282315,0.015243390425117152,0.003726469950610836,0.0029628858963988633
HD27290,6.671431522442633,1.7198523026032069,80.6,71.1,3.99151837625194,0.6025867520312994,13.15453226871694,0.5611469170946478,2.8589995757751807,0.6852339147555004,0.2746683352081818,0.000290825884689394,0.00012318346762587744,4.822522801186798e-05
HD105211,6.789746278759164,1.7285121699893637,131.5,23.0,4.082760793007134,7.944612811691713,42.367867499744285,4.986750412621402,3.589458161034086,0.18257385341513643,1.2871484751081201,0.0007354858718851861,0.00013119640570266621,9.833223481853974e-05
HD38529,6.892076507926333,1.7359155643757098,108.1,54.3,4.162043693140055,2.226266601174862,3.9824385465218026,1.8287613245624939,3.5,0.0,0.0,0.00043498373582593773,0.0004260802688817604,0.00013920149594338368
HD121191,7.1977100135659455,1.757570158440951,55.0,54.0,4.400833762921357,1.7520026423779926,0.8125729744330199,1.1658797259454072,3.516813864557005,0.22312963460709145,0.16106328840409923,0.023029557715370685,0.005931264317704323,0.004891946212398093
HD10638,7.2756487625008575,1.762986814875804,160.0,400.0,4.4621969751436446,2.70712238983794,1.9273379745440438,0.5085982857825275,3.779235453776563,0.10253747191574591,0.1881674649790237,0.005630450991340264,0.0010633126771962976,0.0007982457755297901
HD32297,7.366226289359061,1.7692300280278992,122.3,62.0,4.53374726016703,1.212992266008556,0.666000269182071,0.9152306197689399,3.3319661310617166,0.1433705949084012,0.13442444186233926,0.06266227784341567,0.013307846304389456,0.010332973635888816
HD195627,7.876895563126951,1.8034389847162677,119.1,106.6,4.941792308051466,5.862660395772558,1.8251854679041086,2.2732660685606554,3.4091389499320446,0.15425833797871347,0.151955225052951,0.0011769324908046906,0.00012660341697821962,8.06484794948401e-05
HD84870,8.044239586260309,1.8143037538195554,260.0,260.0,5.0771844853079955,2.43718729806393,0.38903646269951686,0.37501900600305094,3.5584451531128054,0.07715116263572552,0.08256184365638841,0.006682957762789447,0.0005748156836261325,0.0005628033113091093
HD110058,8.308362815429255,1.8311279891482637,50.0,100.0,5.292515060072785,0.707369536790335,0.4867417122112485,0.5396746655412571,3.411386998146373,0.12029775072503535,0.10670377608048964,0.03235332647984482,0.006247808879129221,0.0032814630147909134
HD39060,8.391068097056625,1.836317548260945,105.0,92.0,5.360347910114772,1.0653401120586716,0.4562184160335676,0.4579862018846723,3.635785483308888,0.07991315013673139,0.09810877679397967,0.024379285783422563,0.004533386073337472,0.003478924932619868
HD30422,8.480359534415674,1.8418795184127992,103.0,54.6,5.433797277099708,2.7090825128208804,0.6904982312223127,0.821400366524472,3.5,0.0,0.0,0.0005885598821182233,7.734673755612062e-05,8.061093498146026e-05
HD95698,8.679820506766337,1.8541545317839645,147.3,59.5,5.598666772663828,6.394633644126415,3.835503973036749,2.666860992321847,3.5,0.0,0.0,0.0010927059273641941,0.00019906533050408895,0.0001253793967662813
HD131835,9.430116143021118,1.898599842293153,83.7,87.0,6.228427739755762,4.562776787242229,34.04170205604515,2.7117383465835787,3.33893028842878,0.2995917546540552,0.8639581803845475,0.02842083735209565,0.006633930469609577,0.006007540557882149
HD76582,9.882175430500691,1.9241706608403069,219.0,210.0,6.614912378450308,5.916811524393275,17.57755490224546,3.8530524414768,3.6482247466120397,0.2736064736753203,0.3939417474399791,0.002354145629081694,0.0015326972402519511,0.0008619968893495463
HD159492,10.589145931775128,1.9625349947389517,80.7,52.9,7.22946719240037,13.218539076461292,2.7406245132321736,7.393215153312096,4.8351525134048075,1.009720134636587,0.7661005549819366,0.00038132219629814556,8.489406553477451e-05,5.4751347066145915e-05
HD21997,10.849938665696747,1.976224898195498,94.0,52.0,7.459188768918319,10.51704017127959,5.300252729397027,3.803619868491613,3.3671073074827502,0.18724725787093632,0.21818712034305143,0.006456882430569173,0.0005069447291307727,0.0005327114387566421
HD20320,11.724637441420269,2.020491267207968,83.5,53.0,8.24108413353984,15.852987163204734,43.9612145746747,7.352653240442002,3.5,0.0,0.0,0.00020923801898291194,3.2801586460654236e-05,2.120968757884524e-05
HD142091,12.01377150536749,2.034603650305474,102.9,66.3,8.503292829046229,6.011140072496991,44.10433636024011,5.828916773158023,3.431487363311573,0.24661756983944416,1.3117154861218512,0.0005596059702480254,0.0005177408423507366,9.486711456268562e-05
HD131488,12.162265573770728,2.041757397809982,92.0,46.0,8.638663719504152,0.7727228729604235,17.098364947726672,0.659629047878405,2.830439944572439,0.4141226156608435,0.4931849878948089,0.018481510232425568,0.009536872637777714,0.007391592964747258
HD153053,12.332742332753135,2.0498936533481316,164.0,125.9,8.79465762159369,5.34123713542312,36.17617822336384,2.923629673096588,3.5,0.0,0.0,0.0007916626813948383,0.0003283723241354423,0.00020760673910591877
HD138965,13.520182503364047,2.1044464183043745,163.6,38.5,9.898021088285388,4.709012746260178,0.37320113469538274,0.23836353980973346,3.5,0.0,0.0,0.0052346158599039265,0.00017726479171640934,0.00025243684667777214
HD102647,13.694963830246639,2.112183680278796,31.7,23.6,10.062838912631857,5.844782083860993,6.3008883767567685,2.9257755978159676,3.9523424994774268,0.29821186914864706,0.9007388835781227,0.0003048491635470296,0.00011907596957483042,7.179951357493233e-05
HD121617,13.738207609136516,2.114087111667927,78.0,60.0,10.103710683390918,1.6798093311763989,0.338318644270871,0.32879371283551273,3.4527916081887797,0.08210740124277827,0.07311588134706248,0.05538401572080942,0.004842630728004713,0.004650597124472779
HD15257,14.455062589110607,2.145034487009372,270.0,220.0,10.786541125702538,4.992802833010401,13.05963945280401,2.9370999375296933,3.8202101769459587,0.21528775665623456,1.1796533009008154,0.0011761542171723493,0.0006834125781388998,0.00023966303590972874
HD183324,14.658906119822207,2.153633882781215,130.7,34.5,10.982504426052545,20.079388264596084,47.3387557444105,14.210800053632527,3.5,0.0,0.0,0.00011487700189684828,1.557253032260879e-05,1.3178651558439636e-05
HD70313,14.798554311091944,2.1594759354995023,115.3,42.0,11.117204835879793,5.349237375605293,38.70067371337297,1.701052785681041,3.5,0.0,0.0,0.0009502309556242721,0.00019372768976795714,0.00020767279849741652
HD110411,14.951447067277574,2.1658270789858767,94.2,56.2,11.265097505977918,2.891834267232065,0.49063732728893683,1.0036916120578379,3.449733027493634,0.17025061648724682,0.1534310445829732,0.0007168800832933252,5.8290056335453784e-05,4.114257357329756e-05
HD9672,15.019590285670109,2.1686427991994135,136.0,147.0,11.33115182281686,4.933065976098305,2.720900978690083,1.213189886353621,3.57528764872073,0.1271951970239682,0.15593522969664209,0.008802305105318825,0.0014618503909142357,0.0013981094747831544
HD12467,15.129684510424271,2.173172742485715,128.7,64.5,11.438052073203266,14.210909749041551,53.52930300070783,7.027750430923562,3.5,0.0,0.0,0.0012809854148807213,0.00011265016579840577,0.00010875081552671247
HD141378,15.374852784565954,2.183176497802093,126.3,60.3,11.67690539708585,4.011465319484652,0.46540352674149243,0.28069111319934814,3.5,0.0,0.0,0.0010995588555881579,5.582820464725808e-05,7.026295163943541e-05
HD31295,15.554834855078745,2.1904481261341986,105.8,64.5,11.852946536972125,35.86316847422199,24.655041190978984,27.189387429340677,3.866075624708702,0.6963437697604022,1.2143512485848298,0.0006995208525658285,7.549386701088978e-05,5.4706555298942856e-05
HD216956,16.565490183347528,2.2302013957240563,140.11,16.5,12.85216589947349,8.287383250819055,4.640823316253046,5.2808887541817,3.518598106046827,0.12019526414112836,0.1519560166295828,0.0007821538408608914,0.0002415276937840138,8.900867856976799e-05
HD125162,17.339062477271263,2.259473840495683,81.4,18.0,13.628902267533231,1.383913528019383,1.3014589110361787,1.167238441045307,3.12456460266154,0.13572961422286944,0.14664010841301733,0.000690460278869183,0.00010003167640694672,8.989548337258793e-05
HD17848,18.426945769907974,2.2991012745899497,151.6,101.3,14.738029046467213,25.522775552402834,48.42140062071822,14.42053955571555,3.5,0.0,0.0,0.000500662805160137,5.4634867340657865e-05,4.6139555181787804e-05
HD138813,18.81820806852329,2.312944537594266,120.0,130.0,15.14158828793787,9.637271880763137,3.4705512611344833,3.4935061902919786,3.303873674717515,0.09206131035620846,0.0968337809120845,0.005870509640337648,0.000612637875180783,0.0004410455172945858
HD158352,21.47400636946069,2.4018539386990954,270.0,380.0,17.942692709485797,0.9907336439773791,9.859493044549946,0.9331021813080306,3.250520584700386,0.15588417351409944,0.3479015887991741,0.0010071788114891101,0.0005813530422385067,0.00028303767052596546
HD192425,22.060665327719253,2.420421657908154,197.1,161.5,18.575374771164327,24.81140501611546,34.61461654084695,10.785138952989133,3.5,0.0,0.0,0.0003893197044498025,4.271710753429907e-05,3.309266465608237e-05
HD11413,22.673768951284252,2.4394531986807713,175.6,40.7,19.241731735492202,31.16535055652095,31.51771118892794,13.52872062793584,3.5,0.0,0.0,0.00030932431214691485,2.3981119362135477e-05,2.1944120834380132e-05
HD54341,23.398314740521798,2.461475933242985,170.0,190.0,20.035866099045563,5.256394149205397,21.093821410352632,0.9702003973678943,3.640504844285849,0.17973040906639337,0.4531700905740035,0.003454213915395489,0.0004354228523856386,0.0007470638519967792
HD109573,23.89947774719202,2.4764254595015167,77.8,14.8,20.589301783606917,2.4481674598207803,0.40090267957899917,0.33940779891222217,3.5194904241474623,0.0629161268966345,0.06820876022341782,0.058296334704981564,0.0047882007832610735,0.00472410465680554
HD182681,26.53792550186443,2.551638430327425,143.0,100.0,23.55667841707229,2.3376400145827363,1.6121708243360535,2.0116685151255376,3.2670138755710134,0.2543329706005175,0.16159849300522788,0.003021382294441795,0.0006480474158156004,0.0008052370455063412
HD38206,27.005217488298094,2.5643957663144836,180.0,120.0,24.091324567852034,8.77839602039159,1.8657305078678341,2.150903292446409,3.489890156186733,0.10226471124443703,0.11268303777527944,0.0012849397910117016,5.701056511808137e-05,5.2845883728980985e-05
HD14055,28.95355112116266,2.615947936779581,180.0,160.0,26.34868112148152,2.6386039698261428,0.5269604126785037,0.5768739521752275,3.4237255991841318,0.07089063245169491,0.060458589462679235,0.0009667781607324049,8.476239916424468e-05,8.779440335450906e-05
HD161868,29.646707864450864,2.633690315809733,124.0,110.0,27.16246182217717,14.24827794987075,13.749136365413616,5.225200871925727,3.598217341931855,0.17824535479241987,0.3452793422426401,0.0007168460803234791,7.569220858480907e-05,6.561925518636634e-05
HD188228,32.15173449332795,2.695441002751225,130.1,37.9,30.14825538648312,32.3923835848293,37.465538858495556,18.676936919395164,3.5,0.0,0.0,4.451364225630576e-05,6.494356398062981e-06,5.076563456705112e-06
HD142315,32.18920034195609,2.696338043754428,140.0,500.0,30.19343162760501,1.34332577568276,0.4214902269828098,0.493997465686862,3.9848016627797005,0.18738289148494047,0.18533294165160807,0.007906059505500228,0.0011457268074411414,0.0010278332520238156
HD10939,34.812039779856974,2.7573642123221385,148.9,65.6,33.3927013935319,20.52755171716361,16.553572274911254,5.830771153958965,3.5,0.0,0.0,0.0010115440125489665,8.263447656076117e-05,7.01164754330374e-05
HD172167,55.933052282977236,3.1574309572950066,118.0,67.0,61.437046646904484,13.343732580940413,6.5237364418679835,7.1658283021913345,3.7211467296507554,0.18187688100090105,0.22665402464184048,0.00024641253624767923,4.883545359355622e-05,2.320953334260649e-05
HD13161,72.23998049235249,3.396873077780069,101.3,88.4,85.36599136822916,10.664626701132212,4.411804810504989,5.362480978823491,3.3454556833447695,0.17527995714061761,0.21023165456618287,0.00045410235350551675,5.1412540943163935e-05,3.41187235012489e-05
HD139006,72.66411845933358,3.402559410142631,41.7,13.8,86.01093608786846,5.11440092575123,3.0634159467074316,2.1688394828313062,3.5,0.0,0.0,0.0002804696456614494,6.549736651488997e-05,4.775907904864811e-05
